City_ID,City,Country,Date,Lat,Lng,Max Temp,Humidity,Cloudiness,Wind Speed,Rain,snow
0,Boden,SE,2020-07-12 21:38:16,65.83,21.69,57.2,87,100,8.05,0.0,0
0,Mar del Plata,AR,2020-07-12 21:35:46,-38.0,-57.56,45.0,52,20,17.22,0.0,0
0,Nantucket,US,2020-07-12 21:37:30,41.28,-70.1,80.01,78,1,14.99,0.0,0
0,Ushuaia,AR,2020-07-12 21:38:17,-54.8,-68.3,35.6,93,40,18.34,0.0,0
0,Cape Town,ZA,2020-07-12 21:34:09,-33.93,18.42,57.99,76,75,29.97,1.52,0
0,East London,ZA,2020-07-12 21:38:17,-33.02,27.91,59.02,52,0,17.81,0.0,0
0,Hermanus,ZA,2020-07-12 21:38:17,-34.42,19.23,54.0,84,20,18.99,0.19,0
0,Ponta do Sol,PT,2020-07-12 21:38:17,32.67,-17.1,70.0,75,0,3.83,0.0,0
0,Zaraza,VE,2020-07-12 21:38:17,9.35,-65.32,80.94,89,13,2.66,1.31,0
0,Münster,DE,2020-07-12 21:38:18,51.96,7.63,61.0,82,96,1.12,0.0,0
0,Kathmandu,NP,2020-07-12 21:36:55,27.72,85.32,69.8,94,75,3.36,0.0,0
0,Arvika,SE,2020-07-12 21:38:18,59.66,12.59,57.2,81,3,4.7,0.0,0
0,Río Cuarto,AR,2020-07-12 21:38:18,-33.13,-64.35,53.6,32,4,10.29,0.0,0
0,Jamestown,US,2020-07-12 21:37:17,42.1,-79.24,73.99,68,1,9.17,0.0,0
0,São Mateus,BR,2020-07-12 21:38:18,-18.72,-39.86,69.67,80,11,5.12,0.0,0
0,Sturgeon Falls,CA,2020-07-12 21:38:18,46.36,-79.93,68.0,68,90,11.41,0.0,0
0,Soure,BR,2020-07-12 21:38:19,-0.72,-48.52,79.97,84,99,11.18,0.0,0
0,Clarence Town,AU,2020-07-12 21:38:19,-32.58,151.78,46.99,100,90,6.93,0.0,0
0,Lüderitz,NA,2020-07-12 21:33:41,-26.65,15.16,53.6,93,3,1.12,0.0,0
0,São Filipe,CV,2020-07-12 21:37:58,14.9,-24.5,74.57,79,63,4.54,0.0,0
0,Concarneau,FR,2020-07-12 21:38:19,47.88,-3.92,60.8,59,0,6.93,0.0,0
0,Marawi,PH,2020-07-12 21:38:15,8.0,124.29,73.0,91,100,5.99,0.0,0
0,Riberalta,BO,2020-07-12 21:38:20,-10.98,-66.1,83.16,59,6,2.64,0.0,0
0,Chui,UY,2020-07-12 21:35:21,-33.7,-53.46,47.34,70,32,10.38,0.0,0
0,Gravdal,NO,2020-07-12 21:38:20,68.12,13.5,50.0,87,20,5.82,0.0,0
0,Kaoma,ZM,2020-07-12 21:38:20,-14.78,24.8,55.29,38,0,5.21,0.0,0
0,Kochki,RU,2020-07-12 21:38:20,54.34,80.48,58.33,96,18,7.96,0.0,0
0,Saint-Philippe,RE,2020-07-12 21:38:20,-21.36,55.77,66.2,68,31,4.7,0.75,0
0,Grindavik,IS,2020-07-12 21:38:20,63.84,-22.43,50.0,93,75,4.7,0.0,0
0,Iberia,US,2020-07-12 21:38:21,29.95,-91.75,96.01,63,20,14.99,0.0,0
0,Longyearbyen,SJ,2020-07-12 21:38:21,78.22,15.64,46.4,75,75,1.12,0.0,0
0,Coyhaique,CL,2020-07-12 21:38:21,-45.58,-72.07,37.4,64,20,4.7,0.0,0
0,Porto-Novo,BJ,2020-07-12 21:38:21,6.5,2.6,77.0,88,20,8.05,0.0,0
0,Ouadda,CF,2020-07-12 21:38:21,8.08,22.4,69.31,90,93,1.23,0.51,0
0,Busselton,AU,2020-07-12 21:35:22,-33.65,115.33,55.0,82,37,14.34,0.19,0
0,Kalmunai,LK,2020-07-12 21:36:27,7.42,81.82,81.48,78,100,3.76,0.0,0
0,Provincia di Lecce,IT,2020-07-12 21:38:19,40.22,18.17,75.99,69,5,11.41,0.0,0
0,Nanortalik,GL,2020-07-12 21:38:23,60.14,-45.24,47.12,88,100,9.73,0.43,0
0,Marsh Harbour,BS,2020-07-12 21:36:36,26.54,-77.06,80.8,73,100,14.85,0.0,0
0,Palora,EC,2020-07-12 21:38:23,-1.7,-77.93,74.5,88,36,1.39,0.81,0
0,Bathsheba,BB,2020-07-12 21:38:23,13.22,-59.52,84.2,74,40,17.22,0.0,0
0,Saint George,US,2020-07-12 21:38:23,37.1,-113.58,108.0,13,1,26.4,0.0,0
0,Riohacha,CO,2020-07-12 21:38:24,11.54,-72.91,87.8,66,75,12.97,0.0,0
0,Tabou,CI,2020-07-12 21:38:24,4.42,-7.35,75.22,80,88,7.09,0.0,0
0,Arraial do Cabo,BR,2020-07-12 21:38:10,-22.97,-42.03,78.8,61,58,5.82,0.0,0
0,Hithadhoo,MV,2020-07-12 21:35:31,-0.6,73.08,85.19,70,86,9.15,0.0,0
0,Dalvik,IS,2020-07-12 21:38:24,65.97,-18.53,53.6,87,90,5.82,0.0,0
0,Galle,LK,2020-07-12 21:38:24,6.04,80.22,80.33,84,92,9.1,0.0,0
0,Tasiilaq,GL,2020-07-12 21:37:40,65.61,-37.64,41.0,86,0,8.05,0.0,0
0,Dikson,RU,2020-07-12 21:37:27,73.51,80.55,42.13,97,99,6.55,0.0,0
0,Windhoek,NA,2020-07-12 21:38:25,-22.56,17.08,51.8,25,0,4.7,0.0,0
0,Cidreira,BR,2020-07-12 21:38:25,-30.18,-50.21,57.33,87,99,9.28,0.12,0
0,Mossamedes,AO,2020-07-12 21:38:25,-15.2,12.15,62.64,79,0,6.15,0.0,0
0,Bud,US,2020-07-12 21:38:25,39.45,-86.18,82.0,57,40,3.36,0.0,0
0,Mosquera,CO,2020-07-12 21:38:03,4.71,-74.23,59.0,82,75,4.7,0.0,0
0,Hong Kong,HK,2020-07-12 21:35:24,22.29,114.16,84.0,79,13,3.0,0.12,0
0,Souillac,MU,2020-07-12 21:37:33,-20.52,57.52,71.6,78,40,13.87,0.0,0
0,Narsaq,GL,2020-07-12 21:38:26,60.92,-46.05,57.2,50,100,6.93,0.16,0
0,Port Alfred,ZA,2020-07-12 21:38:26,-33.59,26.89,58.3,36,0,10.22,0.0,0
0,Itarema,BR,2020-07-12 21:38:26,-2.92,-39.92,78.24,78,57,14.72,0.31,0
0,Codrington,AU,2020-07-12 21:35:56,-38.27,141.97,43.95,90,0,2.8,0.0,0
0,Altos del Rosario,CO,2020-07-12 21:38:26,8.79,-74.17,86.97,65,82,3.85,0.0,0
0,Santa Cruz de la Sierra,BO,2020-07-12 21:38:03,-17.8,-63.17,78.8,73,40,14.99,0.0,0
0,Esmeraldas,BR,2020-07-12 21:36:10,-19.76,-44.31,77.0,49,100,6.93,0.0,0
0,Torbay,CA,2020-07-12 21:35:13,47.67,-52.73,62.01,77,75,14.99,0.0,0
0,Chirongui,YT,2020-07-12 21:38:27,-12.93,45.15,75.2,78,0,5.82,0.0,0
0,Cayenne,GF,2020-07-12 21:37:59,4.93,-52.33,84.2,70,36,8.05,0.11,0
0,Praia da Vitória,PT,2020-07-12 21:38:27,38.73,-27.07,73.4,69,20,9.93,0.0,0
0,Carndonagh,IE,2020-07-12 21:38:27,55.25,-7.27,56.16,94,100,9.04,0.0,0
0,Santa Maria,BR,2020-07-12 21:36:23,-29.68,-53.81,64.4,72,40,3.36,0.0,0
0,Kazanskaya,RU,2020-07-12 21:38:28,45.41,40.44,71.49,77,100,8.34,0.0,0
0,Panabá,MX,2020-07-12 21:38:28,21.28,-88.27,85.19,75,37,10.74,0.2,0
0,Ribeira Grande,PT,2020-07-12 21:38:28,38.52,-28.7,71.6,78,20,13.87,0.0,0
0,Port Elizabeth,ZA,2020-07-12 21:37:23,-33.92,25.57,46.4,81,0,1.12,0.0,0
0,Padang,ID,2020-07-12 21:38:29,-0.95,100.35,76.78,80,51,3.8,0.24,0
0,Bredasdorp,ZA,2020-07-12 21:38:29,-34.53,20.04,50.0,61,0,4.7,0.0,0
0,Karpogory,RU,2020-07-12 21:38:29,64.0,44.45,47.77,90,41,1.95,0.0,0
0,Bindi,SL,2020-07-12 21:38:29,9.92,-11.45,71.24,96,93,4.83,2.67,0
0,Bilma,NE,2020-07-12 21:38:29,18.69,12.92,90.64,33,84,7.27,0.0,0
0,Sisimiut,GL,2020-07-12 21:38:29,66.94,-53.67,52.5,58,80,15.84,0.0,0
0,Touros,BR,2020-07-12 21:38:29,-5.2,-35.46,75.2,83,20,5.82,0.0,0
0,Middelkerke,BE,2020-07-12 21:38:30,51.16,2.84,57.2,71,74,5.82,0.0,0
0,Khulo,GE,2020-07-12 21:38:30,41.64,42.31,73.4,88,75,5.82,0.0,0
0,Talnakh,RU,2020-07-12 21:38:30,69.49,88.4,53.6,93,75,8.95,0.0,0
0,Qaanaaq,GL,2020-07-12 21:38:30,77.48,-69.36,47.23,59,88,2.91,0.0,0
0,Henties Bay,NA,2020-07-12 21:38:30,-22.12,14.28,55.0,92,0,1.99,0.0,0
0,Araouane,ML,2020-07-12 21:38:30,18.9,-3.53,99.01,22,0,6.22,0.0,0
0,Crystal Beach,CA,2020-07-12 21:38:31,42.87,-79.06,78.01,78,100,5.01,0.0,0
0,Sesimbra,PT,2020-07-12 21:38:31,38.44,-9.1,75.99,78,0,2.24,0.0,0
0,Salalah,OM,2020-07-12 21:38:31,17.02,54.09,80.6,94,90,5.82,0.0,0
0,Punta Arenas,CL,2020-07-12 21:38:02,-53.15,-70.92,37.4,74,75,21.92,0.0,0
0,Korla,CN,2020-07-12 21:38:31,41.76,86.15,77.0,64,30,5.99,0.0,0
0,Berlevåg,NO,2020-07-12 21:38:31,70.86,29.09,46.4,87,75,5.82,0.0,0
0,Khanbari,NP,2020-07-12 21:38:31,27.37,87.2,73.45,78,99,0.89,0.26,0
0,Sault Ste. Marie,CA,2020-07-12 21:34:51,46.52,-84.33,66.2,72,90,11.41,0.0,0
0,Keffi,NG,2020-07-12 21:38:32,8.85,7.87,77.0,88,20,2.24,0.0,0
0,Miracema do Tocantins,BR,2020-07-12 21:38:32,-9.56,-48.4,82.33,35,92,4.23,0.0,0
0,Yenagoa,NG,2020-07-12 21:38:32,4.92,6.26,74.41,94,95,3.47,0.0,0
0,Mahébourg,MU,2020-07-12 21:37:52,-20.41,57.7,71.6,78,40,13.87,0.0,0
0,Alizai,PK,2020-07-12 21:38:32,33.54,70.35,79.02,53,1,2.26,0.0,0
0,George Town,MY,2020-07-12 21:38:32,5.41,100.34,80.6,94,20,3.91,0.0,0
0,Bria,CF,2020-07-12 21:38:32,6.54,21.99,69.94,93,100,2.17,0.0,0
0,Kiryat Gat,IL,2020-07-12 21:37:26,31.61,34.76,77.0,71,0,2.8,0.0,0
0,Almeirim,BR,2020-07-12 21:35:47,-1.52,-52.58,77.54,85,46,1.39,0.0,0
0,Butembo,CD,2020-07-12 21:38:33,0.15,29.28,58.08,100,89,1.25,0.52,0
0,Ulundi,ZA,2020-07-12 21:38:33,-28.34,31.42,47.93,80,0,4.36,0.0,0
0,Marfino,RU,2020-07-12 21:38:33,55.7,37.38,62.01,82,75,6.71,0.0,0
0,Luanda,AO,2020-07-12 21:37:46,-8.84,13.23,69.8,83,14,5.82,0.0,0
0,Cobija,BO,2020-07-12 21:38:33,-11.03,-68.77,81.91,61,2,1.1,0.0,0
0,Bengaluru,IN,2020-07-12 21:37:08,12.98,77.6,73.4,100,40,8.05,0.0,0
0,Bayburt,TR,2020-07-12 21:34:41,40.26,40.23,59.9,82,98,2.01,0.0,0
0,Nuuk,GL,2020-07-12 21:38:34,64.18,-51.72,51.01,66,13,5.01,0.0,0
0,Havøysund,NO,2020-07-12 21:38:34,71.0,24.66,51.8,71,6,10.29,0.0,0
0,Mahenge,TZ,2020-07-12 21:38:34,-8.68,36.72,61.54,78,50,2.82,0.0,0
0,Vila Velha,BR,2020-07-12 21:37:44,-20.33,-40.29,75.2,73,29,12.75,0.0,0
0,Gornyak,RU,2020-07-12 21:38:34,50.99,81.47,60.1,77,21,2.98,0.0,0
0,Kruisfontein,ZA,2020-07-12 21:35:34,-34.0,24.73,58.95,32,0,15.79,0.0,0
0,İskilip,TR,2020-07-12 21:38:35,40.74,34.47,64.63,69,16,6.06,0.0,0
0,Rio Grande,BR,2020-07-12 21:38:35,-32.03,-52.1,53.6,87,40,4.7,0.0,0
0,Jati,PK,2020-07-12 21:38:35,24.35,68.27,83.89,73,31,15.7,0.0,0
0,Nueva Loja,EC,2020-07-12 21:38:35,0.08,-76.88,85.87,57,0,2.57,0.0,0
0,Marsaxlokk,MT,2020-07-12 21:38:35,35.84,14.54,77.0,78,0,3.36,0.0,0
0,Aksarka,RU,2020-07-12 21:38:16,66.56,67.8,56.08,95,100,6.98,0.0,0
0,São João da Barra,BR,2020-07-12 21:36:27,-21.64,-41.05,75.2,73,90,8.05,0.0,0
0,Luebo,CD,2020-07-12 21:38:36,-5.35,21.42,70.45,85,99,1.36,0.0,0
0,Beloha,MG,2020-07-12 21:38:36,-25.17,45.05,66.58,76,56,7.29,0.0,0
0,Bāfq,IR,2020-07-12 21:38:36,31.61,55.41,85.01,19,94,3.76,0.0,0
0,Westport,US,2020-07-12 21:34:30,41.14,-73.36,88.0,45,1,11.41,0.0,0
0,Saldanha,ZA,2020-07-12 21:33:46,-33.01,17.94,57.2,82,49,23.04,0.19,0
0,El Bagre,CO,2020-07-12 21:38:37,7.59,-74.81,86.31,65,77,4.16,0.0,0
0,San Cristobal,VE,2020-07-12 21:35:13,7.77,-72.22,84.2,58,40,4.7,0.0,0
0,Kontagora,NG,2020-07-12 21:38:37,10.4,5.47,72.16,91,100,3.65,0.18,0
0,Raja,SS,2020-07-12 21:38:37,8.46,25.68,70.32,94,97,2.26,0.0,0
0,Apastovo,RU,2020-07-12 21:38:37,55.2,48.51,66.2,59,2,4.47,0.0,0
0,Filotas,GR,2020-07-12 21:38:37,40.63,21.7,71.6,56,0,11.41,0.0,0
0,Staraya Russa,RU,2020-07-12 21:38:38,57.99,31.36,51.44,94,97,4.23,0.0,0
0,Stornoway,GB,2020-07-12 21:38:38,58.21,-6.39,55.0,100,100,19.46,0.0,0
0,Qaqortoq,GL,2020-07-12 21:37:47,60.72,-46.03,57.2,50,100,6.93,0.29,0
0,Krasnosel'kup,RU,2020-07-12 21:38:38,65.7,82.47,53.37,73,50,4.72,0.0,0
0,Angoche,MZ,2020-07-12 21:38:38,-16.23,39.91,71.73,82,0,7.61,0.0,0
0,Abbeville,FR,2020-07-12 21:38:38,50.1,1.83,61.0,72,94,7.81,0.0,0
0,Upernavik,GL,2020-07-12 21:35:38,72.79,-56.15,41.86,84,97,9.89,0.0,0
0,Cauquenes,CL,2020-07-12 21:38:39,-35.97,-72.32,50.14,84,100,1.66,0.0,0
0,Alta Floresta,BR,2020-07-12 21:38:39,-9.88,-56.09,95.0,32,20,2.24,0.0,0
0,Hamilton,US,2020-07-12 21:36:03,39.18,-84.53,82.4,54,75,8.05,0.0,0
0,Örnsköldsvik,SE,2020-07-12 21:38:39,63.29,18.72,51.8,93,77,4.7,0.0,0
0,Uribia,CO,2020-07-12 21:38:39,11.71,-72.27,90.82,47,34,16.73,0.0,0
0,Pangnirtung,CA,2020-07-12 21:38:39,66.15,-65.71,50.0,81,75,13.87,0.0,0
0,The Valley,AI,2020-07-12 21:38:40,18.22,-63.06,87.8,74,40,12.75,0.0,0
0,Tachov,CZ,2020-07-12 21:38:40,49.8,12.63,55.0,89,4,4.5,0.0,0
0,Panguipulli,CL,2020-07-12 21:38:40,-39.63,-72.33,48.2,81,75,3.36,0.0,0
0,Arlit,NE,2020-07-12 21:38:40,18.74,7.39,97.81,11,0,10.25,0.0,0
0,Vestmannaeyjar,IS,2020-07-12 21:38:40,63.44,-20.27,50.54,94,100,3.96,2.08,0
0,Cabuyaro,CO,2020-07-12 21:38:40,4.28,-72.79,82.13,76,6,4.65,0.38,0
0,Buraidah,SA,2020-07-12 21:35:52,26.33,43.98,100.4,21,20,5.82,0.0,0
0,Cockburn Town,TC,2020-07-12 21:38:41,21.46,-71.14,86.0,62,40,13.87,0.0,0
0,Barcelos,PT,2020-07-12 21:38:41,41.54,-8.62,81.0,60,0,2.24,0.0,0
0,Aguada de Pasajeros,CU,2020-07-12 21:38:41,22.39,-80.85,89.6,59,99,10.29,1.73,0
0,Sambava,MG,2020-07-12 21:38:41,-14.27,50.17,69.37,86,63,10.38,0.77,0
0,Geraldton,AU,2020-07-12 21:38:41,-28.77,114.6,53.6,58,40,14.99,0.0,0
0,Olinda,BR,2020-07-12 21:38:41,-8.01,-34.86,80.6,61,40,6.93,0.0,0
0,Quatre Cocos,MU,2020-07-12 21:38:42,-20.21,57.76,71.6,78,40,13.87,0.0,0
0,Koronowo,PL,2020-07-12 21:38:42,53.31,17.94,57.0,81,0,2.24,0.0,0
0,Baguanos,CU,2020-07-12 21:38:42,20.75,-76.03,91.4,55,75,9.17,0.0,0
0,Lerwick,GB,2020-07-12 21:37:53,60.15,-1.15,51.8,93,98,5.82,0.0,0
0,Kangaatsiaq,GL,2020-07-12 21:38:42,68.31,-53.46,42.85,84,0,14.81,0.0,0
0,Rāzole,IN,2020-07-12 21:36:03,16.48,81.83,82.63,82,100,3.22,0.52,0
0,Chapais,CA,2020-07-12 21:38:43,49.78,-74.85,62.6,88,90,10.29,0.0,0
0,Lebu,CL,2020-07-12 21:38:43,-37.62,-73.65,49.73,89,100,5.3,0.0,0
0,Tataouine,TN,2020-07-12 21:35:43,32.93,10.45,86.0,37,0,6.93,0.0,0
0,Øksfjord,NO,2020-07-12 21:36:07,70.24,22.35,59.0,62,100,9.17,0.97,0
0,Plettenberg Bay,ZA,2020-07-12 21:38:43,-34.05,23.37,64.53,31,0,11.3,0.0,0
0,Aleksandriya,RU,2020-07-12 21:38:43,45.09,43.25,74.05,62,100,5.59,0.0,0
0,Safaga,EG,2020-07-12 21:38:44,26.73,33.94,89.6,33,0,11.41,0.0,0
0,Vila Franca do Campo,PT,2020-07-12 21:38:44,37.72,-25.43,69.8,68,75,8.05,0.0,0
0,Adrar,MR,2020-07-12 21:38:44,20.5,-10.07,95.74,28,33,7.83,0.0,0
0,Cap Malheureux,MU,2020-07-12 21:37:34,-19.98,57.61,71.01,76,5,5.01,0.18,0
0,Lodja,CD,2020-07-12 21:38:44,-3.48,23.43,76.75,66,38,1.74,0.0,0
0,Ipixuna,BR,2020-07-12 21:38:44,-1.76,-48.8,86.0,70,20,5.82,0.0,0
0,Verkhnyaya Sinyachikha,RU,2020-07-12 21:38:45,57.98,61.67,62.38,82,0,5.61,0.0,0
0,Faya,SA,2020-07-12 21:38:45,18.39,42.45,77.0,23,20,6.93,0.0,0
0,Kotel'nich,RU,2020-07-12 21:38:45,58.31,48.35,62.69,94,11,2.66,0.0,0
0,Paphos,CY,2020-07-12 21:38:45,34.77,32.42,77.0,88,20,8.05,0.0,0
0,Baghdad,IQ,2020-07-12 21:36:43,33.34,44.4,91.4,27,0,3.36,0.0,0
0,Ilulissat,GL,2020-07-12 21:38:45,69.22,-51.1,48.2,70,33,4.7,0.0,0
0,Cascais,PT,2020-07-12 21:38:45,38.7,-9.42,75.99,57,0,12.75,0.0,0
0,Ndélé,CF,2020-07-12 21:38:46,8.41,20.65,71.53,93,97,3.29,0.0,0
0,Riyadh,SA,2020-07-12 21:38:46,24.69,46.72,95.0,16,26,6.93,0.0,0
0,Dudinka,RU,2020-07-12 21:38:46,69.41,86.18,53.6,93,75,8.95,0.0,0
0,Tigzirt,DZ,2020-07-12 21:38:46,36.89,4.12,77.13,61,46,10.49,0.0,0
0,Kavaratti,IN,2020-07-12 21:35:23,10.57,72.64,82.17,77,100,10.74,1.59,0
0,La Romana,DO,2020-07-12 21:38:32,18.43,-68.97,89.6,59,40,11.41,0.0,0
0,Severodvinsk,RU,2020-07-12 21:38:47,64.56,39.83,55.4,93,20,2.24,0.0,0
0,Mitsamiouli,KM,2020-07-12 21:38:47,-11.38,43.28,77.36,72,0,3.62,0.0,0
0,Korsholm,FI,2020-07-12 21:38:47,63.11,21.68,55.0,93,90,3.36,0.0,0
0,Kamakwie,SL,2020-07-12 21:38:47,9.5,-12.23,73.42,95,100,6.76,1.52,0
0,Moroni,KM,2020-07-12 21:38:47,-11.7,43.26,76.17,70,3,2.28,0.0,0
0,Kismayo,SO,2020-07-12 21:38:47,-0.36,42.55,78.17,79,100,15.7,0.0,0
0,Derzhavīnsk,KZ,2020-07-12 21:38:48,51.1,66.32,67.48,75,51,8.9,0.0,0
0,Verkhneyarkeyevo,RU,2020-07-12 21:38:48,55.45,54.31,62.13,82,0,3.71,0.0,0
0,Syracuse,IT,2020-07-12 21:36:33,37.09,15.28,78.8,88,0,4.7,0.0,0
0,Rocha,UY,2020-07-12 21:38:20,-34.48,-54.33,41.77,67,62,7.27,0.0,0
0,Nador,MA,2020-07-12 21:38:48,35.17,-2.93,77.0,88,59,10.29,0.0,0
0,Bambous Virieux,MU,2020-07-12 21:35:33,-20.34,57.76,71.6,78,40,13.87,0.0,0
0,Nizhniy Odes,RU,2020-07-12 21:38:49,63.64,54.86,55.58,75,45,9.48,0.0,0
0,Safonovo,RU,2020-07-12 21:38:49,55.15,33.22,50.86,96,100,7.63,0.0,0
0,Bonneville,FR,2020-07-12 21:38:49,46.08,6.41,66.2,45,46,3.36,0.0,0
0,Paamiut,GL,2020-07-12 21:35:55,61.99,-49.67,44.37,82,100,5.39,0.0,0
0,Puri,IN,2020-07-12 21:38:49,19.8,85.85,78.8,100,75,3.36,0.0,0
0,Viedma,AR,2020-07-12 21:34:30,-40.81,-63.0,42.08,62,0,14.58,0.0,0
0,Hofn,IS,2020-07-12 21:38:50,64.25,-15.21,51.58,92,100,9.06,0.13,0
0,Harper,LR,2020-07-12 21:38:50,4.38,-7.72,74.97,81,75,7.23,0.0,0
0,Nyrob,RU,2020-07-12 21:38:50,60.73,56.72,57.61,75,0,4.14,0.0,0
0,Clyde River,CA,2020-07-12 21:35:49,70.47,-68.59,42.8,93,90,10.29,0.0,0
0,Pemba,MZ,2020-07-12 21:38:50,-12.97,40.52,75.2,83,40,8.05,0.0,0
0,Kroonstad,ZA,2020-07-12 21:38:51,-27.65,27.23,40.01,60,0,6.26,0.0,0
0,Coquimbo,CL,2020-07-12 21:38:51,-29.95,-71.34,59.0,72,62,9.17,0.0,0
0,Dzemul,MX,2020-07-12 21:38:51,21.2,-89.3,97.0,44,75,4.7,0.0,0
0,Trojes,AL,2020-07-12 21:38:51,41.76,19.96,73.4,83,0,1.12,0.0,0
0,Asekeyevo,RU,2020-07-12 21:38:51,53.57,52.8,70.32,91,80,9.1,0.0,0
0,Mananara,MG,2020-07-12 21:38:51,-16.17,49.77,68.49,89,41,6.08,0.49,0
0,Say,NE,2020-07-12 21:38:51,13.1,2.37,78.8,74,20,11.41,0.0,0
0,Teguise,ES,2020-07-12 21:38:52,29.06,-13.56,73.4,78,20,16.11,0.0,0
0,Brigantine,US,2020-07-12 21:37:41,39.41,-74.36,88.0,48,20,13.87,0.0,0
0,Kango,GA,2020-07-12 21:38:52,0.19,10.1,73.8,92,100,2.89,0.0,0
0,Damietta,EG,2020-07-12 21:38:52,31.42,31.81,78.8,83,0,13.87,0.0,0
0,Carnot,CF,2020-07-12 21:38:52,4.94,15.87,70.07,94,52,1.9,0.0,0
0,Omboué,GA,2020-07-12 21:35:53,-1.57,9.26,73.2,87,98,8.57,0.0,0
0,Carbonear,CA,2020-07-12 21:38:53,47.73,-53.21,64.0,62,100,14.25,0.12,0
0,Ormond Beach,US,2020-07-12 21:38:53,29.29,-81.06,89.6,70,40,11.41,0.0,0
0,Mbandaka,CD,2020-07-12 21:38:53,0.05,18.26,71.44,92,55,1.88,1.77,0
0,Kollam,IN,2020-07-12 21:37:42,8.88,76.6,80.6,88,75,4.7,0.0,0
0,San Borja,BO,2020-07-12 21:38:53,-14.82,-66.85,80.8,65,98,1.99,0.0,0
0,Morondava,MG,2020-07-12 21:38:54,-20.28,44.28,70.77,81,0,10.56,0.0,0
0,Malatya Province,TR,2020-07-12 21:38:00,38.5,38.0,78.8,41,0,8.05,0.0,0
0,Tegul'det,RU,2020-07-12 21:38:54,57.31,88.17,55.96,95,15,3.85,0.0,0
0,Iqaluit,CA,2020-07-12 21:36:03,63.75,-68.51,59.0,58,75,13.87,0.0,0
0,Nālūt,LY,2020-07-12 21:38:54,30.33,10.85,83.34,26,0,12.71,0.0,0
0,Bozdar Wada,PK,2020-07-12 21:38:54,27.18,68.64,87.8,70,1,6.93,0.0,0
0,Mariehamn,AX,2020-07-12 21:38:54,60.1,19.93,50.0,100,98,2.24,0.0,0
0,Kautokeino,NO,2020-07-12 21:38:55,69.01,23.04,48.87,83,96,7.09,0.0,0
0,Borba,BR,2020-07-12 21:38:55,-4.39,-59.59,80.38,73,68,1.97,0.0,0
0,Bara,NG,2020-07-12 21:38:55,10.37,10.73,74.73,84,78,1.61,0.0,0
0,Port-Gentil,GA,2020-07-12 21:38:55,-0.72,8.78,77.0,88,90,13.82,0.0,0
0,Bonthe,SL,2020-07-12 21:35:49,7.53,-12.51,76.77,82,86,8.12,0.0,0
0,Bengkulu,ID,2020-07-12 21:35:32,-3.8,102.27,74.1,89,59,3.85,0.0,0
0,Río Gallegos,AR,2020-07-12 21:34:19,-51.62,-69.22,32.0,91,0,17.22,0.0,0
0,Somerset West,ZA,2020-07-12 21:38:56,-34.08,18.82,57.2,76,75,29.97,0.0,0
0,Duekoué,CI,2020-07-12 21:38:56,6.75,-7.35,71.04,96,45,2.3,0.29,0
0,Carballo,ES,2020-07-12 21:38:56,43.21,-8.69,69.8,60,0,6.93,0.0,0
0,Adré,TD,2020-07-12 21:38:56,13.47,22.2,73.04,81,76,7.85,1.46,0
0,Brejo,BR,2020-07-12 21:38:56,-3.68,-42.75,77.74,67,56,0.31,0.0,0
0,Dingle,PH,2020-07-12 21:38:56,11.0,122.67,76.78,90,89,2.35,0.34,0
0,Luleå,SE,2020-07-12 21:38:57,65.58,22.15,57.2,87,100,8.05,0.0,0
0,Goundam,ML,2020-07-12 21:38:57,16.41,-3.67,97.81,27,17,1.9,0.0,0
0,Kargil,IN,2020-07-12 21:38:57,34.57,76.1,53.6,46,1,5.86,0.0,0
0,Saint-Augustin,CA,2020-07-12 21:38:57,51.23,-58.65,61.32,96,100,14.16,0.0,0
0,Rawson,AR,2020-07-12 21:38:57,-43.3,-65.1,41.92,61,0,20.24,0.0,0
0,Jumla,NP,2020-07-12 21:38:57,29.27,82.18,57.99,69,37,2.06,0.0,0
0,Kānt,IN,2020-07-12 21:38:58,27.8,79.8,89.01,61,97,1.1,0.28,0
0,Cankuzo Province,BI,2020-07-12 21:38:58,-3.13,30.58,64.18,58,35,3.09,0.0,0
0,Siderno,IT,2020-07-12 21:38:58,38.28,16.3,78.8,83,20,5.82,0.0,0
0,Vágur,FO,2020-07-12 21:38:58,61.47,-6.81,51.93,90,100,18.88,0.32,0
0,Orcopampa,PE,2020-07-12 21:38:58,-15.27,-72.34,51.22,36,1,8.23,0.0,0
0,Piteå,SE,2020-07-12 21:38:58,65.32,21.48,57.2,87,100,8.05,0.0,0
0,São Paulo de Olivença,BR,2020-07-12 21:38:59,-3.38,-68.87,80.06,83,85,0.78,0.31,0
0,Lethem,GY,2020-07-12 21:38:59,3.38,-59.8,80.58,78,73,7.74,0.55,0
0,Castro,BR,2020-07-12 21:37:21,-24.79,-50.01,60.8,77,4,7.31,0.0,0
0,Clonakilty,IE,2020-07-12 21:38:59,51.62,-8.87,57.99,100,90,11.41,0.0,0
0,Malente,DE,2020-07-12 21:38:59,54.17,10.56,55.99,81,42,4.7,0.0,0
0,Privolnyy,RU,2020-07-12 21:39:00,44.1,46.66,75.74,58,56,6.89,0.0,0
0,Muslyumovo,RU,2020-07-12 21:39:00,55.3,53.19,63.19,85,0,3.65,0.0,0
0,Jalu,LY,2020-07-12 21:38:53,29.03,21.55,75.7,63,0,16.2,0.0,0
0,Kalabo,ZM,2020-07-12 21:39:00,-14.97,22.68,55.81,37,0,6.38,0.0,0
0,Vardø,NO,2020-07-12 21:36:35,70.37,31.11,46.4,81,75,9.17,0.0,0
0,Turiaçu,BR,2020-07-12 21:39:00,-1.66,-45.37,75.83,89,36,4.05,0.0,0
0,Camacupa,AO,2020-07-12 21:39:01,-12.02,17.48,55.54,39,0,3.76,0.0,0
0,Yamoussoukro,CI,2020-07-12 21:36:02,6.82,-5.28,73.4,100,58,1.74,0.0,0
0,Chadiza,ZM,2020-07-12 21:34:04,-14.07,32.44,56.07,78,9,7.56,0.0,0
0,Kurmanayevka,RU,2020-07-12 21:39:01,52.51,52.07,70.25,71,75,5.32,0.29,0
0,Karwar,IN,2020-07-12 21:39:01,14.8,74.13,78.94,84,100,4.92,0.41,0
0,Ancud,CL,2020-07-12 21:39:01,-41.87,-73.82,43.0,75,75,6.93,0.0,0
0,Klaksvík,FO,2020-07-12 21:39:01,62.23,-6.59,50.0,93,100,11.41,0.0,0
0,Beyneu,KZ,2020-07-12 21:39:02,45.32,55.2,84.22,25,0,14.72,0.0,0
0,Saint-François,FR,2020-07-12 21:39:02,46.42,3.91,62.6,51,53,3.56,0.0,0
0,Kanniyākumāri,IN,2020-07-12 21:39:02,8.08,77.57,79.99,81,63,19.1,0.0,0
0,Mthatha,ZA,2020-07-12 21:39:02,-31.59,28.78,39.2,93,2,1.12,0.0,0
0,Haripur,PK,2020-07-12 21:39:02,34.0,72.93,82.0,83,61,4.7,0.0,0
0,Oddur,SO,2020-07-12 21:39:02,4.12,43.89,73.09,79,65,17.96,0.0,0
0,Los Llanos de Aridane,ES,2020-07-12 21:39:03,28.66,-17.92,71.6,78,90,12.75,0.0,0
0,Safi,MA,2020-07-12 21:39:03,32.3,-9.24,72.14,81,0,14.2,0.0,0
0,San Jose de Guanipa,VE,2020-07-12 21:39:03,8.89,-64.17,84.51,62,35,7.05,0.0,0
0,Goldsboro,US,2020-07-12 21:34:42,35.38,-77.99,93.2,38,1,11.41,0.0,0
0,Lilongwe,MW,2020-07-12 21:39:03,-13.97,33.79,59.22,79,0,5.53,0.0,0
0,Chapleau,CA,2020-07-12 21:39:03,47.84,-83.4,62.6,77,90,4.7,0.0,0
0,Oranjestad,AW,2020-07-12 21:35:01,12.52,-70.03,84.2,79,40,20.8,0.0,0
0,Mahibadhoo,MV,2020-07-12 21:39:04,3.78,72.97,83.37,68,87,2.68,0.0,0
0,Zwedru,LR,2020-07-12 21:39:04,6.07,-8.13,71.73,94,66,3.02,0.0,0
0,Saint Anthony,US,2020-07-12 21:35:45,45.02,-93.22,84.0,37,20,6.93,0.0,0
0,Namangan,UZ,2020-07-12 21:39:04,41.0,71.67,73.4,56,70,4.7,0.0,0
0,Nirgua,VE,2020-07-12 21:39:04,10.16,-68.57,72.52,99,93,0.69,0.95,0
0,Road Town,VG,2020-07-12 21:39:04,18.42,-64.62,87.8,70,40,10.29,0.0,0
0,Gharghoda,IN,2020-07-12 21:39:04,22.17,83.35,77.2,89,95,1.77,1.44,0
0,Solikamsk,RU,2020-07-12 21:39:05,59.62,56.77,62.58,95,34,5.37,0.0,0
0,Konosha,RU,2020-07-12 21:39:05,60.97,40.26,51.87,90,99,3.09,0.0,0
0,Gorgan,IR,2020-07-12 21:39:05,36.84,54.43,78.8,83,75,6.93,0.0,0
0,Hobyo,SO,2020-07-12 21:36:28,5.35,48.53,79.41,75,34,20.83,0.0,0
0,Tūkrah,LY,2020-07-12 21:39:05,32.53,20.58,75.18,81,7,8.68,0.0,0
0,Hambantota,LK,2020-07-12 21:39:05,6.12,81.12,80.69,80,97,16.46,0.0,0
0,Marquette,US,2020-07-12 21:39:06,46.53,-87.63,68.0,65,33,5.01,0.0,0
0,Alpena,US,2020-07-12 21:39:06,45.06,-83.43,75.2,53,75,12.75,0.0,0
0,Halifax,CA,2020-07-12 21:37:01,44.65,-63.57,73.99,95,9,3.0,0.0,0
0,San Andrés,CO,2020-07-12 21:39:06,12.58,-81.7,87.8,70,75,9.17,0.0,0
0,Pervomayskoye,RU,2020-07-12 21:37:56,43.92,46.71,74.59,61,54,5.93,0.0,0
0,Vila do Maio,CV,2020-07-12 21:39:06,15.13,-23.22,78.8,78,75,11.41,0.0,0
0,Sarkand,KZ,2020-07-12 21:39:06,45.41,79.92,58.33,43,0,6.35,0.0,0
0,Hillsborough,US,2020-07-12 21:36:04,37.57,-122.38,87.01,46,1,19.46,0.0,0
0,Carnarvon,AU,2020-07-12 21:35:54,-24.87,113.63,55.4,87,40,5.82,0.0,0
0,Kamenka,RU,2020-07-12 21:39:07,51.32,42.77,71.01,69,61,6.31,0.0,0
0,Alto Araguaia,BR,2020-07-12 21:39:07,-17.31,-53.22,74.7,46,62,4.7,0.0,0
0,Emba,KZ,2020-07-12 21:38:02,48.83,58.14,86.0,36,71,11.25,0.0,0
0,Esim,GH,2020-07-12 21:39:07,4.87,-2.24,75.07,87,49,7.61,0.0,0
0,Bakchar,RU,2020-07-12 21:39:07,57.02,82.07,54.72,98,100,4.9,0.0,0
0,Shache,CN,2020-07-12 21:39:08,38.42,77.24,72.14,31,88,4.07,0.0,0
0,Pangody,RU,2020-07-12 21:39:08,65.85,74.49,54.68,90,100,5.03,0.75,0
0,Saint-Pierre,RE,2020-07-12 21:39:08,-21.34,55.48,66.2,68,21,4.7,0.17,0
0,Bangassou,CF,2020-07-12 21:39:08,4.74,22.82,69.91,97,100,3.18,0.0,0
0,Turukhansk,RU,2020-07-12 21:35:21,65.82,87.98,55.44,84,100,9.08,0.0,0
0,Requena,ES,2020-07-12 21:39:09,39.49,-1.1,66.0,97,100,1.07,0.25,0
0,Odienné,CI,2020-07-12 21:39:09,9.51,-7.57,71.13,96,1,2.46,0.0,0
0,La Ligua,CL,2020-07-12 21:39:09,-32.45,-71.23,73.4,46,100,6.93,0.0,0
0,Sandwick,GB,2020-07-12 21:39:09,60.0,-1.25,51.8,93,98,5.82,0.0,0
0,Micheweni,TZ,2020-07-12 21:39:09,-4.97,39.83,76.35,80,29,13.94,0.0,0
0,Tromsø,NO,2020-07-12 21:39:09,69.65,18.96,51.8,87,75,6.93,0.0,0
0,Hella,NO,2020-07-12 21:39:09,67.2,14.43,53.6,71,75,4.7,0.0,0
0,Severnyy,RU,2020-07-12 21:39:10,50.68,36.55,68.0,64,40,6.71,0.0,0
0,Gamba,GA,2020-07-12 21:39:10,-2.65,10.0,70.5,93,14,5.88,0.0,0
0,Brønnøysund,NO,2020-07-12 21:35:31,65.46,12.2,50.0,87,16,3.36,0.36,0
0,Palmas,BR,2020-07-12 21:39:10,-10.21,-48.36,86.0,42,94,3.36,0.0,0
0,Kuusankoski,FI,2020-07-12 21:39:10,60.91,26.62,53.6,87,27,6.93,0.0,0
0,Kyabé,TD,2020-07-12 21:39:10,9.45,18.94,75.87,84,92,3.74,0.79,0
0,Ardakān,IR,2020-07-12 21:39:11,32.31,54.02,89.6,21,40,4.7,0.0,0
0,Roald,NO,2020-07-12 21:39:11,62.58,6.13,51.8,71,63,4.7,0.0,0
0,Iquitos,PE,2020-07-12 21:39:11,-3.75,-73.25,89.6,62,75,4.7,0.0,0
0,Irbit,RU,2020-07-12 21:39:11,57.67,63.07,62.35,76,0,5.28,0.0,0
0,Ambanja,MG,2020-07-12 21:39:11,-13.68,48.45,70.25,82,18,3.53,0.0,0
0,Labytnangi,RU,2020-07-12 21:39:11,66.66,66.42,56.57,96,100,5.46,0.43,0
0,Salinópolis,BR,2020-07-12 21:39:11,-0.61,-47.36,79.75,82,63,10.27,0.0,0
0,Soyo,AO,2020-07-12 21:39:12,-6.13,12.37,72.09,83,1,9.66,0.0,0
0,Itaituba,BR,2020-07-12 21:39:12,-4.28,-55.98,80.6,83,20,5.82,0.0,0
0,Ust'-Ishim,RU,2020-07-12 21:39:12,57.69,71.17,57.42,81,0,3.24,0.0,0
0,Mbanza-Ngungu,CD,2020-07-12 21:39:12,-5.25,14.87,71.78,67,1,6.46,0.0,0
0,Prado,BR,2020-07-12 21:39:12,-17.34,-39.22,72.07,83,43,4.81,0.0,0
0,Eyl,SO,2020-07-12 21:39:12,7.98,49.82,81.81,66,44,28.23,0.0,0
0,Sinnai,IT,2020-07-12 21:39:13,39.3,9.2,78.8,69,26,14.99,0.0,0
0,Youghal,IE,2020-07-12 21:39:13,51.95,-7.85,59.0,100,90,11.41,0.0,0
0,Inverness,GB,2020-07-12 21:39:13,57.48,-4.22,59.0,87,100,3.36,0.51,0
0,Cabedelo,BR,2020-07-12 21:39:13,-6.98,-34.83,75.2,83,0,5.82,0.0,0
0,Mahon,ES,2020-07-12 21:36:51,39.89,4.27,73.4,49,40,2.24,0.0,0
0,Thompson,CA,2020-07-12 21:39:13,55.74,-97.86,75.2,50,75,9.17,0.0,0
0,Kérouané,GN,2020-07-12 21:39:13,9.27,-9.02,70.63,92,30,1.81,1.84,0
0,Jhīnjhak,IN,2020-07-12 21:39:14,26.57,79.73,88.77,62,1,11.21,0.0,0
0,Punto Fijo,VE,2020-07-12 21:39:14,11.7,-70.2,82.54,70,68,25.64,0.0,0
0,Mehamn,NO,2020-07-12 21:39:14,71.04,27.85,46.4,87,90,5.82,0.0,0
0,Peniche,PT,2020-07-12 21:39:14,39.36,-9.38,70.0,87,0,1.99,0.0,0
0,Kutum,SD,2020-07-12 21:36:29,14.2,24.67,77.16,54,100,5.55,0.0,0
0,Camabatela,AO,2020-07-12 21:39:14,-8.19,15.38,59.92,91,12,4.54,0.0,0
0,Tomter,NO,2020-07-12 21:39:15,59.65,11.0,59.0,89,0,3.78,0.0,0
0,Guatire,VE,2020-07-12 21:39:15,10.48,-66.54,79.0,64,22,2.98,0.58,0
0,Pesaro,IT,2020-07-12 21:39:15,43.9,12.89,73.99,48,1,8.99,0.0,0
0,Husavik,IS,2020-07-12 21:39:15,66.04,-17.34,53.6,87,90,5.82,0.0,0
0,Amapá,BR,2020-07-12 21:39:15,1.0,-52.0,78.04,76,86,2.98,0.0,0
0,Wajir,KE,2020-07-12 21:39:15,1.75,40.06,77.05,68,70,19.84,0.0,0
0,Aketi,CD,2020-07-12 21:39:15,2.74,23.78,72.12,95,98,1.92,0.0,0
0,Joppatowne,US,2020-07-12 21:39:16,39.46,-76.36,87.8,55,75,10.29,0.0,0
0,El Retorno,CO,2020-07-12 21:39:16,2.33,-72.63,77.31,93,80,2.77,1.58,0
0,Richards Bay,ZA,2020-07-12 21:39:16,-28.78,32.04,56.01,71,0,8.12,0.0,0
0,Puksoozero,RU,2020-07-12 21:39:16,62.59,40.61,51.22,88,75,1.41,0.0,0
0,Abu Dhabi,AE,2020-07-12 21:39:16,24.47,54.37,95.0,63,17,6.93,0.0,0
0,Mimoso do Sul,BR,2020-07-12 21:39:17,-21.06,-41.37,69.04,66,43,3.51,0.0,0
0,Funadhoo,MV,2020-07-12 21:39:17,6.15,73.27,82.96,71,19,3.44,0.0,0
0,Pacajus,BR,2020-07-12 21:39:17,-4.17,-38.46,78.8,74,63,9.17,0.18,0
0,Senador Guiomard,BR,2020-07-12 21:39:17,-10.15,-67.74,86.0,55,40,4.7,0.0,0
0,Pontes e Lacerda,BR,2020-07-12 21:39:17,-15.23,-59.34,80.24,47,96,1.12,0.0,0
0,Porto Nacional,BR,2020-07-12 21:39:17,-10.71,-48.42,86.0,42,84,3.36,0.0,0
0,Havelock,US,2020-07-12 21:39:18,34.88,-76.9,86.0,77,18,1.99,0.0,0
0,Lagunas,PE,2020-07-12 21:39:18,-5.23,-75.68,80.87,88,88,1.61,0.41,0
0,Taoudenni,ML,2020-07-12 21:39:18,22.68,-3.98,97.7,29,58,9.69,0.0,0
0,Malé,MV,2020-07-12 21:39:18,4.17,73.51,84.2,89,75,1.12,0.0,0
0,Semnan,IR,2020-07-12 21:39:18,35.57,53.4,74.57,48,100,13.78,0.48,0
0,Stolin,BY,2020-07-12 21:39:19,51.89,26.85,50.0,93,54,5.97,0.0,0
0,Bar Harbor,US,2020-07-12 21:39:19,44.39,-68.2,77.0,83,75,12.75,0.0,0
0,Kirkland Lake,CA,2020-07-12 21:38:40,48.14,-80.04,66.2,77,90,9.17,0.0,0
0,Sur,OM,2020-07-12 21:39:19,22.57,59.53,85.17,68,99,13.15,0.0,0
0,Parabel',RU,2020-07-12 21:37:25,58.7,81.48,52.7,98,5,5.39,0.0,0
0,Mungaoli,IN,2020-07-12 21:39:19,24.42,78.1,80.35,80,75,11.88,0.0,0
0,Domoni,KM,2020-07-12 21:39:19,-12.26,44.53,75.15,78,10,5.59,0.0,0
0,Abengourou,CI,2020-07-12 21:39:20,6.73,-3.5,71.65,97,96,2.33,0.0,0
0,Kilindoni,TZ,2020-07-12 21:39:20,-7.91,39.67,77.16,76,0,14.18,0.0,0
0,Agadez,NE,2020-07-12 21:39:20,19.75,10.25,89.71,19,0,10.87,0.0,0
0,Aksu,CN,2020-07-12 21:39:20,41.12,80.26,72.07,34,9,4.56,0.0,0
0,Jaguaribe,BR,2020-07-12 21:39:20,-5.89,-38.62,77.81,61,63,5.86,0.0,0
0,Loandjili,CG,2020-07-12 21:39:20,-4.76,11.86,73.4,88,75,6.93,0.0,0
0,Opuwo,NA,2020-07-12 21:39:20,-18.06,13.84,52.61,47,0,4.52,0.0,0
0,Pisco,PE,2020-07-12 21:39:21,-13.7,-76.22,64.99,77,58,9.17,0.0,0
0,Laas,IT,2020-07-12 21:39:21,46.62,10.7,57.2,76,5,0.85,0.0,0
0,Vestmanna,FO,2020-07-12 21:39:21,62.16,-7.17,50.0,93,100,11.41,0.0,0
0,Butka,RU,2020-07-12 21:39:21,56.72,63.79,61.68,79,0,5.73,0.0,0
0,Qasigiannguit,GL,2020-07-12 21:39:21,68.82,-51.19,48.2,70,51,4.7,0.0,0
0,Arrondissement de Rochefort,FR,2020-07-12 21:39:21,45.92,-1.0,70.0,56,0,6.93,0.0,0
0,Cuité,BR,2020-07-12 21:39:21,-6.48,-36.15,64.4,86,35,8.81,0.0,0
0,Persianovskiy,RU,2020-07-12 21:39:22,47.51,40.11,73.99,69,40,8.95,0.0,0
0,Usogorsk,RU,2020-07-12 21:39:22,63.41,48.69,52.79,82,66,8.41,0.0,0
0,Vallenar,CL,2020-07-12 21:39:22,-28.57,-70.76,70.63,32,47,2.66,0.0,0
0,Namwala,ZM,2020-07-12 21:39:22,-15.75,26.44,56.21,39,0,2.48,0.0,0
0,Laguna,US,2020-07-12 21:38:12,38.42,-121.42,102.99,16,1,3.36,0.0,0
0,Salta,AR,2020-07-12 21:39:22,-24.79,-65.41,68.0,34,0,12.75,0.0,0
0,Saraland,US,2020-07-12 21:39:23,30.82,-88.07,93.0,67,55,6.06,0.59,0
0,Isla Mujeres,MX,2020-07-12 21:39:23,21.23,-86.73,87.8,66,40,9.17,0.0,0
0,Atar,MR,2020-07-12 21:39:23,20.52,-13.05,94.14,33,8,3.42,0.0,0
0,At-Bashi,KG,2020-07-12 21:39:23,41.17,75.81,50.05,58,5,1.03,0.0,0
0,Aljezur,PT,2020-07-12 21:39:23,37.32,-8.8,77.0,62,1,7.63,0.0,0
0,Piatra Şoimului,RO,2020-07-12 21:39:23,46.83,26.43,55.0,70,100,6.06,0.0,0
0,George,ZA,2020-07-12 21:39:24,-33.96,22.46,66.2,25,0,18.34,0.0,0
0,Comodoro Rivadavia,AR,2020-07-12 21:37:17,-45.87,-67.5,44.6,42,40,11.41,0.0,0
0,Rondonópolis,BR,2020-07-12 21:37:14,-16.47,-54.64,82.26,38,90,1.79,0.0,0
0,Presidente Epitácio,BR,2020-07-12 21:39:24,-21.76,-52.12,76.14,52,2,1.34,0.0,0
0,Lalín,ES,2020-07-12 21:39:24,42.72,-8.12,78.01,63,0,5.82,0.0,0
0,Matara,LK,2020-07-12 21:39:24,5.95,80.54,78.82,88,91,8.25,0.0,0
0,Fairhope,US,2020-07-12 21:35:22,30.52,-87.9,90.0,66,1,11.34,0.0,0
0,Hualmay,PE,2020-07-12 21:39:25,-11.1,-77.61,64.65,72,7,7.56,0.0,0
0,Rafai,CF,2020-07-12 21:39:25,4.95,23.92,69.94,98,100,1.32,0.35,0
0,Touba,CI,2020-07-12 21:39:25,8.28,-7.68,71.31,92,79,1.63,0.94,0
0,Caravelas,BR,2020-07-12 21:39:25,-17.71,-39.25,71.24,83,57,4.12,0.0,0
0,Forsytheganj,BY,2020-07-12 21:39:25,52.63,29.73,52.68,95,100,10.67,1.02,0
0,Fethiye,TR,2020-07-12 21:39:25,36.62,29.12,75.2,88,0,2.24,0.0,0
0,Sept-Îles,CA,2020-07-12 21:34:52,50.2,-66.38,73.4,78,75,2.24,0.0,0
0,Zemio,CF,2020-07-12 21:39:26,5.03,25.14,70.25,94,100,1.3,0.0,0
0,Lucea,JM,2020-07-12 21:39:26,18.45,-78.17,87.01,88,75,12.75,0.0,0
0,Santiago de Cao,PE,2020-07-12 21:39:26,-7.96,-79.24,63.64,81,35,12.48,0.0,0
0,Pogradec,AL,2020-07-12 21:39:26,40.9,20.65,65.14,80,0,4.14,0.0,0
0,San Diego de Los Baños,CU,2020-07-12 21:39:26,22.65,-83.37,84.27,72,82,3.47,2.22,0
0,Avilés,ES,2020-07-12 21:39:26,43.55,-5.92,66.0,88,20,5.82,0.0,0
0,Toamasina,MG,2020-07-12 21:39:27,-18.17,49.38,66.2,93,40,2.24,0.0,0
0,Beni Mazar,EG,2020-07-12 21:39:27,28.5,30.8,78.96,50,0,15.12,0.0,0
0,Lavras,BR,2020-07-12 21:39:27,-21.25,-45.0,63.3,65,100,2.19,0.0,0
0,Kalundborg,DK,2020-07-12 21:39:27,55.68,11.09,59.0,82,14,2.24,0.0,0
0,Argudan,RU,2020-07-12 21:39:27,43.42,43.92,73.4,49,90,4.47,0.0,0
0,Banyo,CM,2020-07-12 21:39:27,6.75,11.82,65.3,92,92,1.43,0.44,0
0,Pimentel,PE,2020-07-12 21:39:28,-6.84,-79.93,68.0,68,20,17.22,0.0,0
0,Humaitá,BR,2020-07-12 21:36:54,-7.51,-63.02,82.02,66,91,3.49,0.0,0
0,Marzuq,YE,2020-07-12 21:35:50,14.4,46.47,84.13,42,81,9.13,0.0,0
0,Belomorsk,RU,2020-07-12 21:38:01,64.52,34.77,51.12,90,2,3.53,0.0,0
0,Minas,UY,2020-07-12 21:39:28,-34.38,-55.24,48.99,66,70,6.93,0.0,0
0,Cajamarca,PE,2020-07-12 21:39:28,-7.16,-78.5,60.35,65,46,3.2,0.63,0
0,Lusambo,CD,2020-07-12 21:39:29,-4.97,23.45,74.12,65,68,1.34,0.0,0
0,Sosnogorsk,RU,2020-07-12 21:39:29,63.6,53.88,56.73,73,60,10.45,0.0,0
0,Yendi,GH,2020-07-12 21:39:29,9.44,-0.01,75.33,90,74,4.83,0.5,0
0,Salinas,US,2020-07-12 21:35:51,36.68,-121.66,80.01,49,1,14.99,0.0,0
0,Vondrozo,MG,2020-07-12 21:39:29,-22.82,47.28,58.14,100,59,0.98,0.0,0
0,San Jose,US,2020-07-12 21:36:32,37.34,-121.89,96.01,29,1,9.17,0.0,0
0,Koulamoutou,GA,2020-07-12 21:39:29,-1.13,12.47,71.56,94,64,2.01,0.61,0
0,Ozinki,RU,2020-07-12 21:39:29,51.18,49.68,76.73,46,93,9.24,0.0,0
0,Malinovskiy,RU,2020-07-12 21:39:30,61.2,62.84,67.17,72,54,9.13,0.0,0
0,Toila,EE,2020-07-12 21:39:30,59.42,27.5,57.02,80,8,10.69,0.17,0
0,Kotkhai,IN,2020-07-12 21:39:30,31.12,77.53,64.31,72,0,1.19,0.0,0
0,Port Blair,IN,2020-07-12 21:36:34,11.67,92.75,81.63,80,100,13.51,0.46,0
0,Galion,US,2020-07-12 21:35:03,40.73,-82.79,81.0,51,20,8.05,0.0,0
0,Inírida,CO,2020-07-12 21:39:31,3.87,-67.92,81.77,74,23,2.95,0.0,0
0,Empangeni,ZA,2020-07-12 21:39:31,-28.76,31.89,52.86,78,0,5.93,0.0,0
0,Chernitsyno,RU,2020-07-12 21:39:31,51.51,36.05,61.86,74,0,4.97,0.0,0
0,Pontalina,BR,2020-07-12 21:39:31,-17.52,-49.45,73.38,46,100,3.13,0.0,0
0,São José da Coroa Grande,BR,2020-07-12 21:39:31,-8.9,-35.15,75.25,79,10,8.46,0.0,0
0,Afikpo,NG,2020-07-12 21:39:31,5.89,7.94,73.06,97,99,5.68,0.0,0
0,Plouzané,FR,2020-07-12 21:39:32,48.38,-4.62,60.8,76,0,8.05,0.0,0
0,Novouzensk,RU,2020-07-12 21:39:32,50.46,48.14,72.86,65,95,2.04,0.0,0
0,Remanso,BR,2020-07-12 21:39:32,-9.62,-42.08,78.94,56,41,8.25,0.0,0
0,Kâhta,TR,2020-07-12 21:39:32,37.79,38.62,80.6,47,0,9.17,0.0,0
0,Verāval,IN,2020-07-12 21:39:32,20.9,70.37,82.89,82,58,14.72,0.19,0
0,Outjo,NA,2020-07-12 21:39:32,-20.12,16.15,50.85,46,0,3.51,0.0,0
0,Porto,PT,2020-07-12 21:36:49,41.15,-8.61,81.0,60,0,2.24,0.0,0
0,Senanga,ZM,2020-07-12 21:39:33,-16.12,23.27,54.28,38,0,5.48,0.0,0
0,Kirkwood,US,2020-07-12 21:39:33,38.58,-90.41,88.0,48,40,9.17,0.0,0
0,Mīnāb,IR,2020-07-12 21:39:33,27.15,57.08,93.2,63,75,4.7,0.0,0
0,Capaci,IT,2020-07-12 21:39:33,38.17,13.24,79.0,65,0,12.75,0.0,0
0,Quryq,KZ,2020-07-12 21:39:33,43.2,51.65,80.96,43,1,6.64,0.0,0
0,Fereydūnkenār,IR,2020-07-12 21:39:34,36.69,52.52,77.0,88,75,4.7,0.0,0
0,Hrebinka,UA,2020-07-12 21:39:34,50.12,32.44,63.54,95,53,14.03,0.6,0
0,Sinnamary,GF,2020-07-12 21:39:34,5.38,-52.95,78.51,88,53,9.86,0.22,0
0,Mapiripán,CO,2020-07-12 21:39:34,2.89,-72.13,79.65,87,31,4.76,0.74,0
0,Bonavista,CA,2020-07-12 21:39:34,48.65,-53.11,61.0,81,95,5.99,0.0,0
0,Vetlanda,SE,2020-07-12 21:39:34,57.43,15.08,55.99,87,2,6.93,0.0,0
0,Izazi,TZ,2020-07-12 21:39:34,-7.2,35.73,64.47,65,0,2.24,0.0,0
0,Córdoba,AR,2020-07-12 21:35:59,-31.41,-64.18,55.0,37,78,3.36,0.0,0
0,Xai-Xai,MZ,2020-07-12 21:39:35,-25.05,33.64,59.92,61,0,5.3,0.0,0
0,Kargasok,RU,2020-07-12 21:39:35,59.06,80.86,58.23,96,52,8.9,0.0,0
0,Umluj,SA,2020-07-12 21:38:39,25.02,37.27,83.91,60,0,3.51,0.0,0
0,Ouallam,NE,2020-07-12 21:39:35,14.32,2.09,94.12,36,2,8.19,0.0,0
0,Trincomalee,LK,2020-07-12 21:36:01,8.57,81.23,81.03,76,98,17.4,0.0,0
0,Fort Myers Beach,US,2020-07-12 21:39:35,26.45,-81.95,82.99,74,40,11.41,0.0,0
0,Caiapônia,BR,2020-07-12 21:39:36,-16.96,-51.81,72.28,54,98,3.89,0.0,0
0,Skellefteå,SE,2020-07-12 21:39:36,64.75,20.95,54.0,93,100,4.7,0.25,0
0,Lugo,ES,2020-07-12 21:39:36,43.0,-7.5,63.0,87,0,5.01,0.0,0
0,Iguape,BR,2020-07-12 21:39:36,-24.71,-47.56,76.64,59,4,9.22,0.0,0
0,Temozon,MX,2020-07-12 21:39:36,20.8,-88.22,86.45,66,73,4.88,0.84,0
0,Nelas,PT,2020-07-12 21:39:36,40.53,-7.85,70.0,71,0,1.01,0.0,0
0,Cherëmukhovo,RU,2020-07-12 21:39:36,60.35,59.99,64.27,84,8,5.84,0.0,0
0,Ugoofaaru,MV,2020-07-12 21:39:37,5.67,73.0,83.03,70,23,2.64,0.0,0
0,Acaraú,BR,2020-07-12 21:37:25,-2.89,-40.12,78.44,79,60,14.36,0.0,0
0,Mocuba,MZ,2020-07-12 21:39:37,-16.84,36.99,65.7,94,98,5.88,0.2,0
0,Ambilobe,MG,2020-07-12 21:35:29,-13.2,49.05,66.06,77,10,3.22,0.0,0
0,Malya,TZ,2020-07-12 21:39:37,-2.98,33.52,73.24,44,59,9.98,0.0,0
0,Mitzic,GA,2020-07-12 21:39:37,0.78,11.55,68.94,98,98,4.7,0.4,0
0,Östersund,SE,2020-07-12 21:39:37,63.18,14.64,46.4,75,23,11.41,0.0,0
0,Gamboma,CG,2020-07-12 21:39:38,-1.88,15.86,77.74,72,63,3.67,0.0,0
0,Leh,IN,2020-07-12 21:36:26,34.17,77.58,56.35,38,30,5.57,0.0,0
0,Gornopravdinsk,RU,2020-07-12 21:39:38,60.05,69.9,60.19,70,12,6.87,0.0,0
0,Morant Bay,JM,2020-07-12 21:39:38,17.88,-76.41,87.8,62,40,17.22,0.0,0
0,Lucapa,AO,2020-07-12 21:36:56,-8.42,20.74,70.18,48,0,2.26,0.0,0
0,Arrondissement de Rodez,FR,2020-07-12 21:39:38,44.5,2.58,69.8,43,72,6.93,0.0,0
0,Nahrin,AF,2020-07-12 21:39:39,36.06,69.13,67.59,41,0,2.08,0.0,0
0,Ostrovnoy,RU,2020-07-12 21:37:45,68.05,39.51,47.79,91,100,6.71,0.0,0
0,Deshnok,IN,2020-07-12 21:39:39,27.8,73.34,91.58,52,21,21.43,0.0,0
0,Mount Kisco,US,2020-07-12 21:34:52,41.2,-73.73,88.0,42,40,9.17,0.0,0
0,Pimenteiras,BR,2020-07-12 21:39:39,-6.25,-41.42,78.24,53,61,4.97,0.0,0
0,Fuerte Olimpo,PY,2020-07-12 21:39:39,-21.04,-57.87,81.57,50,40,4.79,0.0,0
0,Tessalit,ML,2020-07-12 21:38:15,20.2,1.01,94.15,25,43,10.94,0.0,0
0,Horishni Plavni,UA,2020-07-12 21:39:40,49.01,33.65,68.94,62,0,4.81,0.0,0
0,Olafsvik,IS,2020-07-12 21:39:40,64.89,-23.71,51.06,82,54,3.31,0.0,0
0,Koungheul,SN,2020-07-12 21:39:40,13.98,-14.8,78.64,79,99,8.9,0.0,0
0,Bull Savanna,JM,2020-07-12 21:39:40,17.89,-77.59,82.87,65,32,10.92,0.0,0
0,Dagana,MR,2020-07-12 21:39:40,16.52,-15.51,89.6,59,75,12.64,0.0,0
0,Quelimane,MZ,2020-07-12 21:39:41,-17.88,36.89,68.77,80,81,7.38,0.0,0
0,São Miguel do Araguaia,BR,2020-07-12 21:39:41,-13.28,-50.16,78.55,39,8,2.98,0.0,0
0,Igarapé,BR,2020-07-12 21:36:57,-20.07,-44.3,77.0,44,97,4.7,0.0,0
0,Oxelösund,SE,2020-07-12 21:39:41,58.67,17.1,51.8,87,41,8.16,0.0,0
0,Aasiaat,GL,2020-07-12 21:39:41,68.71,-52.87,42.08,78,5,6.89,0.0,0
0,Dāmghān,IR,2020-07-12 21:39:41,36.17,54.35,77.09,42,74,1.3,0.48,0
0,Krasnogvardeyskiy,RU,2020-07-12 21:39:42,57.38,62.32,61.77,79,0,4.12,0.0,0
0,Belyy Yar,RU,2020-07-12 21:39:42,53.6,91.39,57.2,82,40,2.24,0.0,0
0,Starosubkhangulovo,RU,2020-07-12 21:39:42,53.1,57.44,67.26,83,13,1.86,0.0,0
0,Cândido de Abreu,BR,2020-07-12 21:39:42,-24.57,-51.33,63.7,85,6,1.48,0.0,0
0,Blind River,CA,2020-07-12 21:39:42,46.18,-82.96,73.4,56,90,11.41,0.0,0
0,Dunmore Town,BS,2020-07-12 21:39:42,25.5,-76.65,83.79,70,100,6.11,0.97,0
0,Bakurianis Andeziti,GE,2020-07-12 21:39:43,41.73,43.47,54.28,87,100,3.24,0.0,0
0,Saint Andrews,US,2020-07-12 21:39:43,34.05,-81.13,93.99,38,40,5.82,0.0,0
0,Sokoni,TZ,2020-07-12 21:37:51,-6.43,39.55,77.04,79,0,15.26,0.0,0
0,Monrovia,LR,2020-07-12 21:37:50,6.3,-10.8,77.0,94,75,3.36,0.0,0
0,Oistins,BB,2020-07-12 21:35:36,13.07,-59.53,84.2,74,40,17.22,0.0,0
0,Ordu,TR,2020-07-12 21:37:07,40.91,37.68,75.2,78,75,1.12,0.0,0
0,Wattegama,LK,2020-07-12 21:39:44,6.8,81.48,77.72,71,100,5.99,0.0,0
0,Sungurlu,TR,2020-07-12 21:39:44,40.17,34.37,66.65,72,5,3.69,0.0,0
0,Kem',RU,2020-07-12 21:39:44,64.96,34.58,51.26,88,0,4.76,0.0,0
0,Amos,CA,2020-07-12 21:39:44,48.57,-78.12,64.4,82,90,8.05,0.0,0
0,Menongue,AO,2020-07-12 21:39:45,-14.66,17.69,52.54,43,0,5.17,0.0,0
0,Camacha,PT,2020-07-12 21:39:45,33.08,-16.33,68.0,77,40,11.41,0.0,0
0,Llanelli,GB,2020-07-12 21:39:45,51.68,-4.16,64.0,72,64,10.29,0.0,0
0,Makkah al Mukarramah,SA,2020-07-12 21:38:17,21.43,39.83,80.65,37,72,2.64,0.0,0
0,Ţahţā,EG,2020-07-12 21:39:45,26.77,31.5,89.6,19,0,8.05,0.0,0
0,Kemijärvi,FI,2020-07-12 21:39:45,66.71,27.43,48.16,83,64,4.83,0.0,0
0,Chitral,PK,2020-07-12 21:39:46,35.85,71.79,70.25,45,80,1.34,0.11,0
0,Laela,TZ,2020-07-12 21:39:46,-8.57,32.05,57.13,60,0,3.29,0.0,0
0,Vadlapūdi,IN,2020-07-12 21:39:46,14.32,79.8,84.69,67,100,6.76,0.0,0
0,Puerto Nariño,CO,2020-07-12 21:39:46,-3.77,-70.38,86.0,70,40,3.36,0.0,0
0,Sloboda,RU,2020-07-12 21:39:46,51.14,40.3,65.43,87,61,5.23,0.3,0
0,Muros,ES,2020-07-12 21:36:42,42.78,-9.06,72.0,67,0,5.01,0.0,0
0,Saurimo,AO,2020-07-12 21:39:47,-9.66,20.39,66.67,39,1,5.7,0.0,0
0,Nueva Gerona,CU,2020-07-12 21:39:47,21.88,-82.8,86.16,61,44,1.1,0.92,0
0,Arauca,CO,2020-07-12 21:39:47,7.08,-70.76,86.0,66,40,4.7,0.0,0
0,La Rochelle,FR,2020-07-12 21:39:47,46.17,-1.15,68.0,56,5,6.93,0.0,0
0,Hakkâri Province,TR,2020-07-12 21:37:29,37.58,44.17,56.64,68,45,2.59,0.0,0
0,Brattvåg,NO,2020-07-12 21:39:47,62.6,6.44,51.8,71,86,4.7,0.0,0
0,Ashta,IN,2020-07-12 21:39:48,23.02,76.72,78.44,83,100,8.61,0.0,0
0,Bardstown,US,2020-07-12 21:39:35,37.81,-85.47,78.8,69,40,4.47,0.25,0
0,Pāvilosta,LV,2020-07-12 21:39:48,56.89,21.19,55.4,93,39,3.36,0.0,0
0,Margate,GB,2020-07-12 21:39:48,51.38,1.39,59.0,70,71,1.01,0.0,0
0,Pamplona,ES,2020-07-12 21:39:48,42.82,-1.64,68.0,82,40,9.17,0.0,0
